{"cameraMode":{"drawMode":0,"name":"Shaded","section":"Shading Mode"},"sceneLighting":true,"audioPlay":false,"sceneViewState":{"showFog":true,"showMaterialUpdate":true,"showSkybox":true,"showFlares":true,"showImageEffects":true,"showParticleSystems":true},"in2DMode":false,"pivot":{"x":20.128446578979493,"y":-0.00840449333190918,"z":2.324976921081543},"rotation":{"x":-0.04878043755888939,"y":-0.9507506489753723,"z":0.19997981190681458,"w":-0.23205004632472993},"size":9.584991455078125,"orthographic":false}