{"cameraMode":{"drawMode":0,"name":"Shaded","section":"Shading Mode"},"sceneLighting":false,"audioPlay":false,"sceneViewState":{"showFog":true,"showMaterialUpdate":true,"showSkybox":false,"showFlares":true,"showImageEffects":true,"showParticleSystems":true},"in2DMode":false,"pivot":{"x":0.029362753033638,"y":0.5586182475090027,"z":-2.145116090774536},"rotation":{"x":0.0031372932717204096,"y":-0.9906702041625977,"z":0.13487154245376588,"w":0.022900555282831193},"size":2.0792603492736818,"orthographic":false}