{"cameraMode":{"drawMode":0,"name":"Shaded","section":"Shading Mode"},"sceneLighting":true,"audioPlay":false,"sceneViewState":{"showFog":true,"showMaterialUpdate":true,"showSkybox":true,"showFlares":true,"showImageEffects":true,"showParticleSystems":true},"in2DMode":false,"pivot":{"x":27.712265014648439,"y":-12.217426300048829,"z":8.712425231933594},"rotation":{"x":0.26350563764572146,"y":0.6944984793663025,"z":-0.3079872727394104,"w":0.5945653915405273},"size":64.50546264648438,"orthographic":false}