{"cameraMode":{"drawMode":0,"name":"Shaded","section":"Shading Mode"},"sceneLighting":true,"audioPlay":false,"sceneViewState":{"showFog":true,"showMaterialUpdate":true,"showSkybox":true,"showFlares":true,"showImageEffects":true,"showParticleSystems":true},"in2DMode":false,"pivot":{"x":23.557598114013673,"y":11.328775405883789,"z":77.79815673828125},"rotation":{"x":0.06490230560302735,"y":-0.15001416206359864,"z":-0.009840408340096474,"w":-0.9865286350250244},"size":24.59908103942871,"orthographic":false}