{"cameraMode":{"drawMode":0,"name":"Shaded","section":"Shading Mode"},"sceneLighting":true,"audioPlay":false,"sceneViewState":{"showFog":true,"showMaterialUpdate":true,"showSkybox":true,"showFlares":true,"showImageEffects":true,"showParticleSystems":true},"in2DMode":false,"pivot":{"x":17.685121536254884,"y":0.4176466464996338,"z":5.157535552978516},"rotation":{"x":0.00022166850976645947,"y":-0.9997495412826538,"z":0.024308739230036737,"w":0.008112111128866673},"size":15.876190185546875,"orthographic":false}