{"cameraMode":{"drawMode":0,"name":"Shaded","section":"Shading Mode"},"sceneLighting":true,"audioPlay":false,"sceneViewState":{"showFog":true,"showMaterialUpdate":false,"showSkybox":true,"showFlares":true,"showImageEffects":true,"showParticleSystems":true},"in2DMode":false,"pivot":{"x":17.37929344177246,"y":2.274775505065918,"z":60.31464385986328},"rotation":{"x":-0.12450437992811203,"y":0.32851117849349978,"z":-0.04367607459425926,"w":-0.9353989958763123},"size":25.731307983398439,"orthographic":false}