{"cameraMode":{"drawMode":0,"name":"Shaded","section":"Shading Mode"},"sceneLighting":true,"audioPlay":false,"sceneViewState":{"showFog":true,"showMaterialUpdate":false,"showSkybox":false,"showFlares":true,"showImageEffects":true,"showParticleSystems":true},"in2DMode":false,"pivot":{"x":16.523269653320314,"y":3.941697597503662,"z":15.201207160949707},"rotation":{"x":0.10483703017234802,"y":-0.8562600016593933,"z":0.19174960255622865,"w":0.46809840202331545},"size":9.105344772338868,"orthographic":false}