{"cameraMode":{"drawMode":0,"name":"Shaded","section":"Shading Mode"},"sceneLighting":true,"audioPlay":false,"sceneViewState":{"showFog":true,"showMaterialUpdate":false,"showSkybox":true,"showFlares":true,"showImageEffects":true,"showParticleSystems":true},"in2DMode":false,"pivot":{"x":15.730768203735352,"y":-9.646795272827149,"z":45.3210334777832},"rotation":{"x":-0.3114790618419647,"y":0.5636942982673645,"z":-0.24187105894088746,"w":-0.7259652018547058},"size":45.02102279663086,"orthographic":false}