{"cameraMode":{"drawMode":0,"name":"Shaded","section":"Shading Mode"},"sceneLighting":true,"audioPlay":false,"sceneViewState":{"showFog":true,"showMaterialUpdate":false,"showSkybox":true,"showFlares":true,"showImageEffects":true,"showParticleSystems":true},"in2DMode":false,"pivot":{"x":-426.70001220703127,"y":0.309999942779541,"z":44.15700149536133},"rotation":{"x":-0.12695425748825074,"y":0.7763485312461853,"z":-0.16572414338588715,"w":-0.5947277545928955},"size":20.188596725463868,"orthographic":false}